Workbook
Name FlowRate: Inputs!$B$3
Name Density: Inputs!$B$4
Name Viscosity: Inputs!$B$5
Name Roughness: Inputs!$B$7
Name InletPressure: Inputs!$B$8

Sheet Inputs
A1: Line inputs
A3: Flow rate (bbl/d) | B3: 12000
A4: Fluid density (lb/ft3) | B4: 53
A5: Viscosity (cP) | B5: 4.5
A6: Pipe age (years) | B6: 25
A7: Roughness (in) | B7: =VLOOKUP(B6,Lookups!$A$3:$B$7,2) -> 0.006
A8: Inlet pressure (psi) | B8: 950
A9: Pipe material | B9: Carbon steel

Sheet Segments
A1: Segment | B1: Length (ft) | C1: Inner diameter (in) | D1: Elevation change (ft)
A2: 1 | B2: 1800 | C2: 10.02 | D2: -20
A3: 2 | B3: 2000 | C3: 10.02 | D3: 60
A4: 3 | B4: 900 | C4: 10.02 | D4: -30
A5: 4 | B5: 2500 | C5: 10.02 | D5: -30
A6: 5 | B6: 1900 | C6: 10.02 | D6: 50
A7: 6 | B7: 900 | C7: 10.02 | D7: 40
A8: 7 | B8: 1400 | C8: 10.02 | D8: -40
A9: 8 | B9: 1000 | C9: 10.02 | D9: 20
A10: 9 | B10: 0 | C10: 10.02 | D10: 20
A11: 10 | B11: 1000 | C11: 10.02 | D11: -10
A12: 11 | B12: 1000 | C12: 7.981 | D12: 40
A13: 12 | B13: 2100 | C13: 7.981 | D13: -40
... A21: 20 | B21: 1100 | C21: 7.981 | D21: 50

Sheet Lookups
A1: Roughness by pipe age
A2: Age (years) | B2: Roughness (in)
A3: 0 | B3: 0.0018
A4: 10 | B4: 0.003
A5: 5 | B5: 0.0024
A6: 20 | B6: 0.006
A7: 30 | B7: 0.009

Sheet Calc
A1: Pressure drop per segment
A2: Darcy-Weisbach with the Swamee-Jain friction factor
A4: Segment | B4: Length (ft) | C4: Inner diameter (in) | D4: Velocity (ft/s) | E4: Reynolds number | F4: Friction factor | G4: Friction loss (psi) | H4: Elevation loss (kPa) | I4: Segment drop (psi) | J4: Outlet pressure (psi) | K4: Pressure gradient (psi/ft) | M4: Friction factor, Blasius
A5: =Segments!A2 -> 1 | B5: =Segments!B2 -> 1800 | C5: =Segments!C2 -> 10.02 | D5: =FlowRate*5.615/86400/(PI()*(C5/12)^2/4) -> 1.4241457 | E5: =1488*Density*D5*(C5/12)/Viscosity -> 20840.455 | F5: =0.25/LOG10(Roughness/(3.7*C5)+5.74/E5^0.9)^2 -> 0.027003882 | G5: =F5*(B5/(C5/12))*Density*D5^2/(2*32.174)/144 -> 0.67530416 | H5: =Density*Segments!D2/144*6.894757 -> -50.753072 | I5: =G5+H5 -> -50.077768 | J5: =InletPressure-I5 -> 1000.0778 | K5: =I5/B5 -> -0.027820982 | M5: =0.316/E5^0.25 -> 0.026300275
A6: =Segments!A3 -> 2 | B6: =Segments!B3 -> 2000 | C6: =Segments!C3 -> 10.02 | D6: =FlowRate*5.615/86400/(PI()*(C6/12)^2/4) -> 1.4241457 | E6: =1488*Density*D6*(C6/12)/Viscosity -> 20840.455 | F6: =0.25/LOG10(Roughness/(3.7*C6)+5.74/E6^0.9)^2 -> 0.027003882 | G6: =F6*(B6/(C6/12))*Density*D6^2/(2*32.174)/144 -> 0.75033796 | H6: =Density*Segments!D3/144*6.894757 -> 152.25922 | I6: =G6+H6 -> 153.00956 | J6: =J5-I6 -> 847.06821 | K6: =I6/B6 -> 0.076504778 | M6: =0.316/E6^0.25 -> 0.026300275
A7: =Segments!A4 -> 3 | B7: =Segments!B4 -> 900 | C7: =Segments!C4 -> 10.02 | D7: =FlowRate*5.615/86400/(PI()*(C7/12)^2/4) -> 1.4241457 | E7: =1488*Density*D7*(C7/12)/Viscosity -> 20840.455 | F7: =0.25/LOG10(Roughness/(3.7*C7)+5.74/E7^0.9)^2 -> 0.027003882 | G7: =F7*(B7/(C7/12))*Density*D7^2/(2*32.174)/144 -> 0.33765208 | H7: =Density*Segments!D4/144*6.894757 -> -76.129609 | I7: =G7+H7 -> -75.791956 | J7: =J6-I7 -> 922.86017 | K7: =I7/B7 -> -0.084213285 | M7: =0.316/E7^0.25 -> 0.026300275
A8: =Segments!A5 -> 4 | B8: =Segments!B5 -> 2500 | C8: =Segments!C5 -> 10.02 | D8: =FlowRate*5.615/86400/(PI()*(C8/12)^2/4) -> 1.4241457 | E8: =1488*Density*D8*(C8/12)/Viscosity -> 20840.455 | F8: =0.25/LOG10(Roughness/(3.7*C8)+5.74/E8^0.9)^2 -> 0.027003882 | G8: =F8*(B8/(C8/12))*Density*D8^2/(2*32.174)/144 -> 0.93792245 | H8: =Density*Segments!D5/144*6.894757 -> -76.129609 | I8: =G8+H8 -> -75.191686 | J8: =J7-I8 -> 998.05186 | K8: =I8/B8 -> -0.030076674 | M8: =0.316/E8^0.25 -> 0.026300275
A9: =Segments!A6 -> 5 | B9: =Segments!B6 -> 1900 | C9: =Segments!C6 -> 10.02 | D9: =FlowRate*5.615/86400/(PI()*(C9/12)^2/4) -> 1.4241457 | E9: =1488*Density*D9*(C9/12)/Viscosity -> 20840.455 | F9: =0.25/LOG10(Roughness/(3.7*C9)+5.74/E9^0.9)^2 -> 0.027003882 | G9: =F9*(B9/(C9/12))*Density*D9^2/(2*32.174)/144 -> 0.71282106 | H9: =Density*Segments!D6/144*6.894757 -> 126.88268 | I9: =G9+H9 -> 127.5955 | J9: =J8-I9 -> 870.45635 | K9: =I9/B9 -> 0.067155527 | M9: =0.316/E9^0.25 -> 0.026300275
A10: =Segments!A7 -> 6 | B10: =Segments!B7 -> 900 | C10: =Segments!C7 -> 10.02 | D10: =FlowRate*5.615/86400/(PI()*(C10/12)^2/4) -> 1.4241457 | E10: =1488*Density*D10*(C10/12)/Viscosity -> 20840.455 | F10: =0.25/LOG10(Roughness/(3.7*C10)+5.74/E10^0.9)^2 -> 0.027003882 | G10: =F10*(B10/(C10/12))*Density*D10^2/(2*32.174)/144 -> 0.33765208 | H10: =Density*Segments!D7/144*6.894757 -> 101.50614 | I10: =G10+H10 -> 101.8438 | J10: =J9-I10 -> 768.61256 | K10: =I10/B10 -> 0.11315977 | M10: =0.316/E10^0.25 -> 0.026300275
A11: =Segments!A8 -> 7 | B11: =Segments!B8 -> 1400 | C11: =Segments!C8 -> 10.02 | D11: =FlowRate*5.615/86400/(PI()*(C11/12)^2/4) -> 1.4241457 | E11: =1488*Density*D11*(C11/12)/Viscosity -> 20840.455 | F11: =0.25/LOG10(Roughness/(3.7*C11)+5.74/E11^0.9)^2 -> 0.027003882 | G11: =F11*(B11/(C11/12))*Density*D11^2/(2*32.174)/144 -> 0.52523657 | H11: =Density*Segments!D8/144*6.894757 -> -101.50614 | I11: =G11+H11 -> -100.98091 | J11: =J10-I11 -> 869.59347 | K11: =I11/B11 -> -0.07212922 | M11: =0.316/E11^0.25 -> 0.026300275
A12: =Segments!A9 -> 8 | B12: =Segments!B9 -> 1000 | C12: =Segments!C9 -> 10.02 | D12: =FlowRate*5.615/86400/(PI()*(C12/12)^2/4) -> 1.4241457 | E12: =1488*Density*D12*(C12/12)/Viscosity -> 20840.455 | F12: =0.25/LOG10(Roughness/(3.7*C12)+5.74/E12^0.9)^2 -> 0.027003882 | G12: =F12*(B12/(C12/12))*Density*D12^2/(2*32.174)/144 -> 0.37516898 | H12: =Density*Segments!D9/144*6.894757 -> 50.753072 | I12: =G12+H12 -> 51.128241 | J12: =J11-I12 -> 818.46522 | K12: =I12/B12 -> 0.051128241 | M12: =0.316/E12^0.25 -> 0.026300275
A13: =Segments!A10 -> 9 | B13: =Segments!B10 -> 0 | C13: =Segments!C10 -> 10.02 | D13: =FlowRate*5.615/86400/(PI()*(C13/12)^2/4) -> 1.4241457 | E13: =1488*Density*D13*(C13/12)/Viscosity -> 20840.455 | F13: =0.25/LOG10(Roughness/(3.7*C13)+5.74/E13^0.9)^2 -> 0.027003882 | G13: =F13*(B13/(C13/12))*Density*D13^2/(2*32.174)/144 -> 0 | H13: =Density*Segments!D10/144*6.894757 -> 50.753072 | I13: =G13+H13 -> 50.753072 | J13: =J12-I13 -> 767.71215 | K13: =I13/B13 -> #DIV/0! | M13: =0.316/E13^0.25 -> 0.026300275
A14: =Segments!A11 -> 10 | B14: =Segments!B11 -> 1000 | C14: =Segments!C11 -> 10.02 | D14: =FlowRate*5.615/86400/(PI()*(C14/12)^2/4) -> 1.4241457 | E14: =1488*Density*D14*(C14/12)/Viscosity -> 20840.455 | F14: =0.25/LOG10(Roughness/(3.7*C14)+5.74/E14^0.9)^2 -> 0.027003882 | G14: 0.35 | H14: =Density*Segments!D11/144*6.894757 -> -25.376536 | I14: =G14+H14 -> -25.026536 | J14: =J13-I14 -> 792.73869 | K14: =I14/B14 -> -0.025026536 | M14: =0.316/E14^0.25 -> 0.026300275
A15: =Segments!A12 -> 11 | B15: =Segments!B12 -> 1000 | C15: =Segments!C12 -> 7.981 | D15: =FlowRate*5.615/86400/(PI()*(C15/12)^2/4) -> 2.2447876 | E15: =1488*Density*D15*(C15/12)/Viscosity -> 26164.811 | F15: =0.25/LOG10(Roughness/(3.7*C15)+5.74/E15^0.9)^2 -> 0.026156422 | G15: =F15*(B15/(C15/12))*Density*D15^2/(2*32.174)/144 -> 1.133525 | H15: =Density*Segments!D12/144*6.894757 -> 101.50614 | I15: =G15+H15 -> 102.63967 | J15: =J14-I15 -> 690.09902 | K15: =I15/B15 -> 0.10263967 | M15: =0.316/E15^0.25 -> 0.024846069
A16: =Segments!A13 -> 12 | B16: =Segments!B13 -> 2100 | C16: =Segments!C13 -> 7.981 | D16: =FlowRate*5.615/86400/(PI()*(C16/12)^2/4) -> 2.2447876 | E16: =1488*Density*D16*(C16/12)/Viscosity -> 26164.811 | F16: =0.25/LOG10(Roughness/(3.7*C16)+5.74/E16^0.9)^2 -> 0.026156422 | G16: =F16*(B16/(C16/12))*Density*D16^2/(2*32.174)/144 -> 2.3804025 | H16: =Density*Segments!D13/144*6.894757 -> -101.50614 | I16: =G16+H16 -> -99.125742 | J16: =J15-I16 -> 789.22476 | K16: =I16/B16 -> -0.047202734 | M16: =0.316/E16^0.25 -> 0.024846069
A17: =Segments!A14 -> 13 | B17: =Segments!B14 -> 1100 | C17: =Segments!C14 -> 7.981 | D17: =FlowRate*5.615/86400/(PI()*(C17/12)^2/4) -> 2.2447876 | E17: =1488*Density*D17*(C17/12)/Viscosity -> 26164.811 | F17: =0.25/LOG10(Roughness/(3.7*C17)+5.74/E17^0.9)^2 -> 0.026156422 | G17: =F17*(B17/(C17/12))*Density*D17^2/(2*32.174)/144 -> 1.2468775 | H17: =Density*Segments!D14/144*6.894757 -> -25.376536 | I17: =G17+H17 -> -24.129659 | J17: =J16-I17 -> 813.35442 | K17: =I17/B17 -> -0.021936053 | M17: =0.316/E17^0.25 -> 0.024846069
A18: =Segments!A15 -> 14 | B18: =Segments!B15 -> 900 | C18: =Segments!C15 -> 7.981 | D18: =FlowRate*5.615/86400/(PI()*(C18/12)^2/4) -> 2.2447876 | E18: =1488*Density*D18*(C18/12)/Viscosity -> 26164.811 | F18: =0.25/LOG10(Roughness/(3.7*C18)+5.74/E18^0.9)^2 -> 0.026156422 | G18: =F18*(B18/(C18/12))*Density*D18^2/(2*32.174)/144 -> 1.0201725 | H18: =Density*Segments!D15/144*6.894757 -> 126.88268 | I18: =G18+H18 -> 127.90285 | J18: =J17-I18 -> 685.45157 | K18: =I18/B18 -> 0.14211428 | M18: =0.316/E18^0.25 -> 0.024846069
A19: =Segments!A16 -> 15 | B19: =Segments!B16 -> 2000 | C19: =Segments!C16 -> 7.981 | D19: =FlowRate*5.615/86400/(PI()*(C19/12)^2/4) -> 2.2447876 | E19: =1488*Density*D19*(C19/12)/Viscosity -> 26164.811 | F19: =0.25/LOG10(Roughness/(3.7*$C$5)+5.74/E19^0.9)^2 -> 0.02577554 | G19: =F19*(B19/(C19/12))*Density*D19^2/(2*32.174)/144 -> 2.2340379 | H19: =Density*Segments!D16/144*6.894757 -> -101.50614 | I19: =G19+H19 -> -99.272107 | J19: =J18-I19 -> 784.72367 | K19: =I19/B19 -> -0.049636053 | M19: =0.316/E19^0.25 -> 0.024846069
A20: =Segments!A17 -> 16 | B20: =Segments!B17 -> 1500 | C20: =Segments!C17 -> 7.981 | D20: =FlowRate*5.615/86400/(PI()*(C20/12)^2/4) -> 2.2447876 | E20: =1488*Density*D20*(C20/12)/Viscosity -> 26164.811 | F20: =0.25/LOG10(Roughness/(3.7*C20)+5.74/E20^0.9)^2 -> 0.026156422 | G20: =F20*(B20/(C20/12))*Density*D20^2/(2*32.174)/144 -> 1.7002875 | H20: =Density*Segments!D17/144*6.894757 -> -101.50614 | I20: =G20+H20 -> -99.805857 | J20: =J19-I20 -> 884.52953 | K20: =I20/B20 -> -0.066537238 | M20: =0.316/E20^0.25 -> 0.024846069
A21: =Segments!A18 -> 17 | B21: =Segments!B18 -> 2500 | C21: =Segments!C18 -> 7.981 | D21: =FlowRate*5.615/86400/(PI()*(C21/12)^2/4) -> 2.2447876 | E21: =1488*Density*D21*(C21/12)/Viscosity -> 26164.811 | F21: =0.25/LOG10(Roughness/(3.7*C21)+5.74/E21^0.9)^2 -> 0.026156422 | G21: =F21*(B21/(C21/12))*Density*D21^2/(2*32.174)/144 -> 2.8338125 | H21: =Density*Segments!D18/144*6.894757 -> -50.753072 | I21: =G21+H21 -> -47.91926 | J21: =J20-I21 -> 932.44879 | K21: =I21/B21 -> -0.019167704 | M21: =0.316/E21^0.25 -> 0.024846069
A22: =Segments!A19 -> 18 | B22: =Segments!B19 -> 1700 | C22: =Segments!C19 -> 7.981 | D22: =FlowRate*5.615/86400/(PI()*(C22/12)^2/4) -> 2.2447876 | E22: =1488*Density*D22*(C22/12)/Viscosity -> 26164.811 | F22: =0.25/LOG10(Roughness/(3.7*C22)+5.74/E22^0.9)^2 -> 0.026156422 | G22: =F22*(B22/(C22/12))*Density*D22^2/(2*32.174)/144 -> 1.9269925 | H22: =Density*Segments!D19/144*6.894757 -> 50.753072 | I22: =G22+H22 -> 52.680065 | J22: =J21-I22 -> 879.76872 | K22: =I22/B22 -> 0.030988273 | M22: =0.316/E22^0.25 -> 0.024846069
A23: =Segments!A20 -> 19 | B23: =Segments!B20 -> 1200 | C23: =Segments!C20 -> 7.981 | D23: =FlowRate*5.615/86400/(PI()*(C23/12)^2/4) -> 2.2447876 | E23: =1488*Density*D23*(C23/12)/Viscosity -> 26164.811 | F23: =0.25/LOG10(Roughness/(3.7*C23)+5.74/E23^0.9)^2 -> 0.026156422 | G23: =F23*(B23/(C23/12))*Density*D23^2/(2*32.174)/144 -> 1.36023 | H23: =Density*Segments!D20/144*6.894757 -> 101.50614 | I23: =G23+H23 -> 102.86637 | J23: =J22-I23 -> 776.90235 | K23: =I23/B23 -> 0.085721979 | M23: =0.316/E23^0.25 -> 0.024846069
A24: =Segments!A21 -> 20 | B24: =Segments!B21 -> 1100 | C24: =Segments!C21 -> 7.981 | D24: =FlowRate*5.615/86400/(PI()*(C24/12)^2/4) -> 2.2447876 | E24: =1488*Density*D24*(C24/12)/Viscosity -> 26164.811 | F24: =0.25/LOG10(Roughness/(3.7*C24)+5.74/E24^0.9)^2 -> 0.026156422 | G24: =F24*(B24/(C24/12))*Density*D24^2/(2*32.174)/144 -> 1.2468775 | H24: =Density*Segments!D21/144*6.894757 -> 126.88268 | I24: =G24+H24 -> 128.12956 | J24: =J23-I24 -> 648.77279 | K24: =I24/B24 -> 0.11648142 | M24: =0.316/E24^0.25 -> 0.024846069

Sheet Summary
A1: Line pressure summary
A3: Pipe material | B3: =Inputs!B9 -> Carbon steel
A4: Total pressure drop (psi) | B4: =SUM(Calc!I5:I24) -> 301.22721
A5: Outlet pressure (psi) | B5: =Calc!J24 -> 648.77279
A6: Maximum velocity (ft/s) | B6: =MAX(Calc!D5:D24) -> 2.2447876
A7: Average gradient (psi/ft) | B7: =IFERROR(AVERAGE(Calc!K5:K24),0) -> 0
